,date,symbol,gap,pos_type,now_open
33373,2020-01-02,BRTX,0.06000003815,short,21.20000076
255954,2020-01-02,YINN,0.04975104483,short,22.91153215
157330,2020-01-02,NRBO,0.04571424212,short,9.149999619
58480,2020-01-02,CWEB,0.04382494792,short,29.31999969
247490,2020-01-02,WB,0.04207121526,short,48.29999924
178020,2020-01-02,PMCB,0.04197534165,short,65.41000366
121004,2020-01-02,JNUG,0.04169166197,short,863.6318169
38831,2020-01-02,CAMT,0.03878117075,short,11.25
209853,2020-01-02,SOXL,0.03751543376,short,18.96718588
142576,2020-01-02,MLCO,0.03640872357,short,24.82011967
48624,2020-01-02,CMMB,0.03571433741,short,23.20000076
57065,2020-01-02,CUEN,0.03333334449,short,11.77999973
52447,2020-01-02,CPRI,0.03250321924,short,39.38999939
60543,2020-01-02,DBI,0.03240153979,short,16.25
159182,2020-01-02,NUGT,0.03214699312,short,179.8000031
250740,2020-01-02,WRK,0.03192743471,short,42.37321324
107429,2020-01-02,HUBG,0.02885551795,short,52.77000046
222862,2020-01-02,TECL,0.02792141068,short,24.65898743
225903,2020-01-02,TMF,0.02786365853,short,25.42968192
190087,2020-01-02,RGP,0.02755669106,short,15.56521488
98613,2020-01-02,GREE,0.02752287855,short,9.73913002
64784,2020-01-02,DPST,0.02740786738,short,104.5841903
53313,2020-01-02,CQQQ,0.0268162848,short,53.73112022
237118,2020-01-02,USD,0.02642237068,short,15.78261339
37840,2020-01-02,BZUN,0.02626819972,short,33.99000168
95178,2020-01-02,GIII,0.02597011737,short,34.36999893
100597,2020-01-03,GUSH,0.09576538177,short,1580.491885
242064,2020-01-03,VIXY,0.07949789326,short,51.59999847
233656,2020-01-03,UCO,0.0703125,short,548
121005,2020-01-03,JNUG,0.05801936468,short,883.8942004
255232,2020-01-03,YANG,0.05673572979,short,37.74453359
52186,2020-01-03,CPE,0.05531911647,short,49.59999847
156084,2020-01-03,NOG,0.05381177143,short,23.41243664
159183,2020-01-03,NUGT,0.05231566309,short,184.0500031
70826,2020-01-03,EDZ,0.04792131772,short,32.98176085
150843,2020-01-03,NBR,0.04729733366,short,151.4772823
223126,2020-01-03,TECS,0.04579022815,short,707.0301519
210211,2020-01-03,SOXS,0.04499493724,short,247.5897818
206687,2020-01-03,SM,0.04468260198,short,11.53088487
133386,2020-01-03,LPI,0.0434782188,short,57.59999847
47266,2020-01-03,CLR,0.04158133249,short,35.22324076
139735,2020-01-03,MDVL,0.04098356651,short,15.23999977
127996,2020-01-03,LABD,0.03974561716,short,260.9961243
61966,2020-01-03,DFEN,0.0390790901,short,63.20563708
213570,2020-01-03,SQQQ,0.03896715699,short,110.3351065
232597,2020-01-03,TZA,0.03816576816,short,291.3589987
219586,2020-01-03,SYNA,0.03803194328,short,68.77999878
214466,2020-01-03,SRTY,0.03732585054,short,93.0174978
31054,2020-01-03,BNO,0.03719602824,short,21.75
135486,2020-01-03,LW,0.03638981934,short,84.81415388
237753,2020-01-03,USO,0.03590944755,short,106.1600037
168757,2020-01-03,OVV,0.03586490191,short,22.84010705
139736,2020-01-06,MDVL,0.08943087225,short,16.07999992
157887,2020-01-06,NSPR,0.0841121773,short,17.39999962
196124,2020-01-06,SAVA,0.08290157745,short,10.44999981
48204,2020-01-06,CMC,0.07394052068,short,22.82776835
121006,2020-01-06,JNUG,0.06705959539,short,862.9365135
95764,2020-01-06,GLBS,0.06422018349,short,116
20742,2020-01-06,AVAV,0.06254641565,short,71.51999664
159184,2020-01-06,NUGT,0.05908028938,short,181.9499969
238311,2020-01-06,UVXY,0.04919287929,short,136.5
57066,2020-01-06,CUEN,0.04412814057,short,11.73600006
127291,2020-01-06,KTOS,0.04309496364,short,21.29999924
6132,2020-01-06,AGQ,0.03975151394,short,33.47999954
182430,2020-01-06,PUMP,0.03964755896,short,11.80000019
120015,2020-01-06,JELD,0.03806224606,short,24
100598,2020-01-06,GUSH,0.03541216274,short,1564.123922
31406,2020-01-06,BOIL,0.03517591841,short,82.40000153
210212,2020-01-06,SOXS,0.03501190816,short,258.4899442
234705,2020-01-06,UGL,0.03447604628,short,52.81000137
163874,2020-01-06,OI,0.03217604932,short,12.13962792
223127,2020-01-06,TECS,0.03147356446,short,720.0123655
242065,2020-01-06,VIXY,0.03107564811,short,51.75999832
128695,2020-01-06,LBRT,0.03074133687,short,11.30594011
37591,2020-01-06,BZQ,0.03032005184,short,36.68255228
241423,2020-01-06,VIRX,0.02777774632,short,12.98245621
204232,2020-01-06,SILJ,0.02722770829,short,12.27290124
214955,2020-01-06,SSRM,0.02591796646,short,18.81653321
48625,2020-01-07,CMMB,0.09071426887,short,24.43199921
43961,2020-01-07,CFRX,0.08139532305,short,9.300000191
133261,2020-01-07,LPG,0.05721718579,short,15.01877828
252938,2020-01-07,XFOR,0.04138588424,short,10.81999969
138583,2020-01-07,MCHP,0.0402006716,short,52.76260216
241677,2020-01-07,VIVE,0.03960392113,short,10.5
139737,2020-01-07,MDVL,0.03816790188,short,16.31999969
110001,2020-01-07,IDCC,0.03692020129,short,53.70378719
159855,2020-01-07,NUWE,0.0348837811,short,26.70000076
148465,2020-01-07,MU,0.0337875796,short,55.30269814
232500,2020-01-07,TYL,0.03304213366,short,320.4599915
209856,2020-01-07,SOXL,0.03226995828,short,18.36383739
211672,2020-01-07,SPNS,0.03225804165,short,23.59498002
213159,2020-01-07,SQ,0.03196420025,short,64.56999969
26390,2020-01-07,BECN,0.02996940426,short,33.68000031
225687,2020-01-07,TKR,0.02944294112,short,56.50501499
248092,2020-01-07,WDC,0.02903582411,short,64.36683771
7323,2020-01-07,AJRD,0.02883438135,short,45.33472609
166129,2020-01-07,OPCH,0.02777781123,short,16.28000069
26764,2020-01-07,BEN,0.02609717678,short,23.94487304
125666,2020-01-07,KORU,0.02593062428,short,24.5276803
200087,2020-01-07,SEAS,0.02496921725,short,33.25
143794,2020-01-07,MNDT,0.02387720709,short,18.01000023
230051,2020-01-07,TSLA,0.02183638384,short,92.27999878
2439,2020-01-07,ACMR,0.02095240638,short,21.44000053
121888,2020-01-07,K,0.02031208973,short,65.06181893
178022,2020-01-08,PMCB,0.07526886273,short,77.5
211567,2020-01-08,SPNE,0.07438652376,short,14.01000023
51248,2020-01-08,COMM,0.05869241899,short,14.25
51126,2020-01-08,COLL,0.05218258867,short,20.96999931
199266,2020-01-08,SCYX,0.04444440206,short,9.399999619
7076,2020-01-08,AIR,0.03820812097,short,47.27999878
101497,2020-01-08,HALO,0.03815938927,short,18.5
221011,2020-01-08,TARA,0.03636360168,short,22.79999924
33375,2020-01-08,BRTX,0.0344827813,short,36
141787,2020-01-08,MHO,0.03226583655,short,42.86999893
253604,2020-01-08,XNCR,0.03203145223,short,36.72999954
137595,2020-01-08,MAXR,0.03003348282,short,18.46213525
95765,2020-01-08,GLBS,0.02941176471,short,105
217530,2020-01-08,STZ,0.02805004737,short,183.1139164
129816,2020-01-08,LEN,0.02695135243,short,57.50364628
45643,2020-01-08,CIEN,0.02647418313,short,42.65000153
221447,2020-01-08,TBPH,0.02581466915,short,24.23999977
61132,2020-01-08,DDD,0.02497154403,short,9.029999733
241424,2020-01-08,VIRX,0.02439021642,short,14.73684216
255233,2020-01-08,YANG,0.02360734816,short,38.52317969
112501,2020-01-08,IMUX,0.02354260497,short,9.130000114
146943,2020-01-08,MSM,0.02317943078,short,64.98194048
136287,2020-01-08,M,0.02263725451,short,17.22684464
257196,2020-01-08,ZBRA,-0.02023629437,long,251.2799988
210513,2020-01-08,SPCE,-0.02112674105,long,11.11999989
255956,2020-01-08,YINN,-0.0212296786,long,21.8454196
259139,2020-01-09,ZYXI,0.08618648397,short,9.199999809
102966,2020-01-09,HELE,0.07428847053,short,196.6699982
139254,2020-01-09,MDGL,0.07259089215,short,92.94000244
59209,2020-01-09,CYCC,0.06944444628,short,15.39999962
178023,2020-01-09,PMCB,0.06862739042,short,84.47499847
14013,2020-01-09,APLS,0.05288706508,short,41.20999908
241425,2020-01-09,VIRX,0.05128206379,short,14.38596535
160179,2020-01-09,NVCR,0.05045176491,short,83.69999695
172348,2020-01-09,PCRX,0.04895593237,short,45.20999908
91927,2020-01-09,FWBI,0.04166666667,short,12.5
125667,2020-01-09,KORU,0.0391760422,short,25.72756506
207808,2020-01-09,SNAP,0.03719261166,short,17.29000092
209857,2020-01-09,SOXL,0.03601315722,short,19.42351964
88813,2020-01-09,FOLD,0.03594081937,short,9.800000191
231465,2020-01-09,TUR,0.03563557794,short,27.08042799
198590,2020-01-09,SCO,0.03425775436,short,50.72000122
243634,2020-01-09,VOYA,0.03229635501,short,59.90266376
109356,2020-01-09,ICD,0.03103107375,short,20.60000038
67709,2020-01-09,DUST,0.03084422952,short,157.7908933
119768,2020-01-09,JDST,0.03081232164,short,273.429952
101498,2020-01-09,HALO,0.02981025552,short,19
218388,2020-01-09,SURG,0.02857142857,short,18
58482,2020-01-09,CWEB,0.02854489596,short,33.15000153
222865,2020-01-09,TECL,0.02666193083,short,26.09784035
255957,2020-01-09,YINN,0.02523235124,short,22.86217418
150503,2020-01-09,NATI,0.02507146555,short,41.20504652
178024,2020-01-10,PMCB,0.07632091445,short,85.25
37268,2020-01-10,BYSI,0.0695651494,short,17.21999931
194014,2020-01-10,RVNC,0.05611156826,short,17.40999985
206836,2020-01-10,SMCI,0.04999999178,short,24.36000061
43964,2020-01-10,CFRX,0.0471807619,short,9.100000381
154223,2020-01-10,NKTR,0.04585455137,short,22.57999992
199267,2020-01-10,SCYX,0.04477609957,short,10.5
14280,2020-01-10,APPN,0.04220101187,short,44.70000076
154533,2020-01-10,NLTX,0.04092919105,short,9.409999847
25182,2020-01-10,BBBY,0.04089220198,short,13.68888852
112909,2020-01-10,INDP,0.03999996185,short,41.59999847
124062,2020-01-10,KMPH,0.03857561176,short,11.19999981
1318,2020-01-10,ABMD,0.03812636039,short,190.6000061
256855,2020-01-10,YUMC,0.03773190405,short,49.8008152
183494,2020-01-10,QDEL,0.03729476403,short,78.98999786
115954,2020-01-10,ISRG,0.03364682891,short,201.8333282
243982,2020-01-10,VRDN,0.03338628154,short,9.75
125668,2020-01-10,KORU,0.03070873843,short,26.1775245
32284,2020-01-10,BPMC,0.02697352528,short,83
33692,2020-01-10,BRZU,0.02660869012,short,1300.31946
154280,2020-01-10,NLOK,0.02622690687,short,15.28961882
146437,2020-01-10,MRTX,0.02610726972,short,101.0100021
206099,2020-01-10,SLP,0.02525244005,short,32.17160135
241426,2020-01-10,VIRX,0.02500004077,short,14.38596535
63886,2020-01-10,DMTK,0.02489182918,short,9.470000267
112910,2020-01-13,INDP,0.09375000582,short,44.79999924
108187,2020-01-13,HXL,0.07913858105,short,78.50045707
61133,2020-01-13,DDD,0.07007005258,short,10.68999958
154224,2020-01-13,NKTR,0.0624071434,short,28.60000038
160665,2020-01-13,NVTA,0.06040671473,short,17.72999954
42470,2020-01-13,CDNA,0.06007069996,short,21
256178,2020-01-13,YMTX,0.05820107956,short,40
11223,2020-01-13,AMRN,0.05329806232,short,19.95999908
22933,2020-01-13,AXSM,0.04753324261,short,93
4060,2020-01-13,ADVM,0.04688214469,short,11.5
222222,2020-01-13,TDOC,0.04556126217,short,89.04000092
218390,2020-01-13,SURG,0.04250001907,short,20.85000038
93649,2020-01-13,GCP,0.03710097494,short,24.04000092
50662,2020-01-13,COE,0.03547458051,short,10.80000019
14281,2020-01-13,APPN,0.03518271015,short,45.90000153
222538,2020-01-13,TEAM,0.03502615874,short,138.5899963
58483,2020-01-13,CWEB,0.03398499453,short,34.38000107
71739,2020-01-13,EHC,0.03339406793,short,71.34439208
125669,2020-01-13,KORU,0.03313017758,short,27.12743306
107430,2020-01-13,HUBG,0.03229502327,short,54.02000046
230052,2020-01-13,TSLA,0.03210289431,short,98.69999695
12283,2020-01-13,ANF,0.03009252217,short,17.54258835
33376,2020-01-13,BRTX,0.02941173583,short,28
37269,2020-01-13,BYSI,0.02815378869,short,18.98999977
223483,2020-01-13,TER,0.02782277892,short,69.29993459
143652,2020-01-14,MMSI,0.09379508966,short,37.90000153
43965,2020-01-14,CFRX,0.08403361614,short,12.89999962
89851,2020-01-14,FRTA,0.07916665077,short,12.94999981
101499,2020-01-14,HALO,0.06553007524,short,20
258716,2020-01-14,ZUMZ,0.06295393338,short,35.11999893
180029,2020-01-14,PRGO,0.05540169455,short,51.58216599
57929,2020-01-14,CVM,0.0524625014,short,9.829999924
95034,2020-01-14,GFF,0.05094239698,short,20.10966675
159857,2020-01-14,NUWE,0.04761904762,short,33
58687,2020-01-14,CWH,0.0455171223,short,13.66849498
59912,2020-01-14,DAL,0.04286434935,short,61.61421786
233827,2020-01-14,UCTT,0.04279273977,short,23.14999962
210515,2020-01-14,SPCE,0.04160588733,short,14.27000046
2339,2020-01-14,ACM,0.04120642632,short,49.02000046
230053,2020-01-14,TSLA,0.03696221134,short,108.8519974
31409,2020-01-14,BOIL,0.03571428571,short,87
206837,2020-01-14,SMCI,0.03472464971,short,29.5
243983,2020-01-14,VRDN,0.0339734393,short,10.5
255235,2020-01-14,YANG,0.03369811076,short,35.82785412
138657,2020-01-14,MCK,0.03369290858,short,145.9213471
112911,2020-01-14,INDP,0.03275531299,short,42.88000107
5854,2020-01-14,AGIO,0.03222244626,short,46.77000046
180500,2020-01-14,PRPL,0.03084111491,short,11.02999973
89615,2020-01-14,FRC,0.0308357694,short,117.635017
2441,2020-01-14,ACMR,0.02739723343,short,27
33377,2020-01-15,BRTX,0.09090909091,short,24
172273,2020-01-15,PCG,0.05453016899,short,12.56999969
69764,2020-01-15,ECHO,0.04963234891,short,22.84000015
125101,2020-01-15,KOLD,0.04639173383,short,40.59999847
203154,2020-01-15,SHAK,0.04336971678,short,66.87999725
29300,2020-01-15,BLCM,0.03428573608,short,18.10000038
95767,2020-01-15,GLBS,0.03092783505,short,100
24418,2020-01-15,B,0.02940724085,short,63.88936183
222126,2020-01-15,TDG,0.02706072327,short,625.4799805
41255,2020-01-15,CCEP,0.02415736374,short,51.23911127
243984,2020-01-15,VRDN,0.02374302792,short,10.99499989
35114,2020-01-15,BTTR,0.02325582943,short,13.19999981
45129,2020-01-15,CHRW,0.0227523061,short,80.28600921
241429,2020-01-15,VIRX,0.02272731063,short,15.78947353
247210,2020-01-15,WAFD,0.02238384795,short,34.27227269
248289,2020-01-15,WERN,0.02094238363,short,38.36801366
66032,2020-01-15,DRIP,0.02031901451,short,50.62773021
100599,2020-01-15,GUSH,-0.02002994662,long,1308.626433
229801,2020-01-15,TSE,-0.02073738793,long,31.95764348
185721,2020-01-15,RAD,-0.02117257987,long,12.02000046
64787,2020-01-15,DPST,-0.02177405662,long,94.88170707
206838,2020-01-15,SMCI,-0.02236648439,long,27.10000038
89616,2020-01-15,FRC,-0.0227742206,long,116.6366967
109566,2020-01-15,ICHR,-0.02362408695,long,38.84999847
60146,2020-01-15,DAR,-0.02425695185,long,28.55999947
241430,2020-01-16,VIRX,0.06666671499,short,16.84210587
139738,2020-01-16,MDVL,0.06400000254,short,15.96000004
210516,2020-01-16,SPCE,0.06199461367,short,15.76000023
29301,2020-01-16,BLCM,0.05882352941,short,18
146708,2020-01-16,MS,0.05874583624,short,53.14580267
115544,2020-01-16,IRBT,0.05674154855,short,56.43000031
218391,2020-01-16,SURG,0.04857145037,short,18.35000038
196239,2020-01-16,SAVE,0.0478831026,short,41.58000183
54835,2020-01-16,CRTO,0.04779144297,short,14.47000027
246068,2020-01-16,VVNT,0.04499998093,short,10.44999981
33378,2020-01-16,BRTX,0.04444440206,short,18.79999924
185722,2020-01-16,RAD,0.0428682926,short,13.38000011
184802,2020-01-16,QTRX,0.03926098829,short,22.5
203155,2020-01-16,SHAK,0.0372588447,short,70.98999786
250386,2020-01-16,WNS,0.03623923587,short,71.19999695
125670,2020-01-16,KORU,0.03615354195,short,27.79736899
256292,2020-01-16,YNDX,0.03585471324,short,44.77999878
162728,2020-01-16,OCUP,0.0357142515,short,9.279999733
105495,2020-01-16,HOMB,0.03547250232,short,18.89268055
149197,2020-01-16,MX,0.03438392127,short,14.43999958
193754,2020-01-16,RUN,0.03423307914,short,15.71000004
69354,2020-01-16,EAT,0.03166041333,short,43.51658964
16684,2020-01-16,ARNA,0.03009516822,short,46.54999924
206839,2020-01-16,SMCI,0.02888083809,short,28.5
112912,2020-01-16,INDP,0.02857144674,short,43.20000076
157889,2020-01-17,NSPR,0.07758623052,short,18.75
112271,2020-01-17,IMTE,0.07401224121,short,9.649999619
63887,2020-01-17,DMTK,0.06712737389,short,10.81000042
94087,2020-01-17,GDP,0.06010931297,short,9.699999809
241680,2020-01-17,VIVE,0.05476673232,short,10.39999962
207809,2020-01-17,SNAP,0.04657536337,short,19.10000038
156085,2020-01-17,NOG,0.04591829386,short,20.42361306
125102,2020-01-17,KOLD,0.04306890902,short,44.31999969
29302,2020-01-17,BLCM,0.04285712469,short,21.89999962
95768,2020-01-17,GLBS,0.04081632653,short,102
109357,2020-01-17,ICD,0.03948898562,short,17.89999962
33695,2020-01-17,BRZU,0.03816353826,short,1244.262319
29197,2020-01-17,BL,0.03749185262,short,64.19999695
217158,2020-01-17,STT,0.03684989073,short,79.7471349
98930,2020-01-17,GRPN,0.03571428571,short,58
224373,2020-01-17,TGTX,0.03563791942,short,14.52999973
231197,2020-01-17,TTT,0.03489144694,short,62.69987642
226372,2020-01-17,TMV,0.03476665257,short,112.6771928
43645,2020-01-17,CFG,0.03031071859,short,37.13808642
150302,2020-01-17,NAIL,0.02870224688,short,83.08858311
85529,2020-01-17,FHN,0.02717403697,short,15.65022842
91930,2020-01-17,FWBI,0.02608697311,short,11.80000019
132191,2020-01-17,LNDC,0.02517983236,short,11.39999962
221504,2020-01-17,TBT,0.02385685998,short,25.66874928
121008,2020-01-17,JNUG,0.02248705339,short,758.7445561
29303,2020-01-21,BLCM,0.09170307495,short,25
125103,2020-01-21,KOLD,0.06063292237,short,47.93000031
70830,2020-01-21,EDZ,0.06026848967,short,32.33251031
21936,2020-01-21,AVYA,0.05628369524,short,13.69999981
107351,2020-01-21,HTRB,0.04996519847,short,40.41204477
79084,2020-01-21,EVRG,0.04292295212,short,66.04590154
210517,2020-01-21,SPCE,0.04283881764,short,16.30999947
258534,2020-01-21,ZSL,0.03980292562,short,109.7200012
230055,2020-01-21,TSLA,0.03868760663,short,106.0500031
43967,2020-01-21,CFRX,0.03846159489,short,10.80000019
75832,2020-01-21,EPZM,0.03555392168,short,27.67000008
24120,2020-01-21,AZRE,0.03161390568,short,12.39999962
100051,2020-01-21,GTHX,0.03154571048,short,26.15999985
243986,2020-01-21,VRDN,0.03030305074,short,10.19999981
33379,2020-01-21,BRTX,0.02857140132,short,14.39999962
119770,2020-01-21,JDST,0.02851708198,short,267.9811803
141507,2020-01-21,MGNX,0.02841915527,short,11.57999992
184803,2020-01-21,QTRX,0.02822749277,short,24.77000046
173348,2020-01-21,PERI,0.02787067921,short,9.220000267
241288,2020-01-21,VIRT,0.02783183025,short,14.80922743
146039,2020-01-21,MRNS,0.02654864736,short,9.279999733
83440,2020-01-21,FBRX,0.02653397115,short,9.284999847
8440,2020-01-21,ALLT,0.02531653337,short,9.720000267
48632,2020-01-21,CMMB,0.02531643086,short,25.92000008
101832,2020-01-21,HBMD,0.02498513323,short,17.22999954
2442,2020-01-22,ACMR,0.07804082433,short,46
118595,2020-01-22,JAKK,0.0747663743,short,11.5
210518,2020-01-22,SPCE,0.0653179837,short,18.43000031
125672,2020-01-22,KORU,0.06283517713,short,27.73737534
218392,2020-01-22,SURG,0.0625,short,17
57931,2020-01-22,CVM,0.05433901707,short,13
199978,2020-01-22,SE,0.05422410528,short,43.54999924
8494,2020-01-22,ALLY,0.05155309035,short,30.22550453
135751,2020-01-22,LX,0.05129959,short,15.36999989
255959,2020-01-22,YINN,0.05031129799,short,21.63811996
112913,2020-01-22,INDP,0.0498221024,short,47.20000076
256181,2020-01-22,YMTX,0.04712039793,short,40
230056,2020-01-22,TSLA,0.04512057566,short,114.3779984
106492,2020-01-22,HRTX,0.04302476146,short,24
77619,2020-01-22,ETN,0.04020316702,short,94.65094095
232227,2020-01-22,TX,0.03910120251,short,21.91374076
33696,2020-01-22,BRZU,0.03851759665,short,1223.971586
59210,2020-01-22,CYCC,0.03846156197,short,16.20000076
33380,2020-01-22,BRTX,0.0344827246,short,12
57069,2020-01-22,CUEN,0.03392569244,short,12.80000019
201381,2020-01-22,SFBS,0.03309434928,short,36.34672655
198591,2020-01-22,SCO,0.03127389869,short,54.08000183
108770,2020-01-22,IBM,0.02981955245,short,125.6071078
56851,2020-01-22,CUE,0.02933330536,short,15.43999958
247494,2020-01-22,WB,0.02855196671,short,45.38999939
172274,2020-01-23,PCG,0.0765550272,short,13.5
79399,2020-01-23,EWBC,0.0750422524,short,48.63771836
223484,2020-01-23,TER,0.07419495266,short,78.46118363
182022,2020-01-23,PTC,0.06954353221,short,85.51000214
81704,2020-01-23,EYPT,0.06832300344,short,17.20000076
255237,2020-01-23,YANG,0.06240335279,short,41.12866427
157890,2020-01-23,NSPR,0.05468745809,short,20.25
185533,2020-01-23,QURE,0.05211721285,short,64.59999847
198592,2020-01-23,SCO,0.05061459242,short,58.11999893
171090,2020-01-23,PAYC,0.04939333634,short,318.2600098
70832,2020-01-23,EDZ,0.04674345283,short,33.55109766
132376,2020-01-23,LOB,0.04421960553,short,19.45307544
105063,2020-01-23,HNDL,0.04319611311,short,22.74744073
112272,2020-01-23,IMTE,0.04318100622,short,9.156000137
66034,2020-01-23,DRIP,0.04316723572,short,66.85093362
81228,2020-01-23,EYE,0.04166663945,short,36.5
98615,2020-01-23,GREE,0.04032252572,short,11.21739101
25435,2020-01-23,BBWI,0.04003990745,short,16.51554819
59211,2020-01-23,CYCC,0.0394737098,short,15.80000019
29305,2020-01-23,BLCM,0.03773581171,short,22
235121,2020-01-23,UMPQ,0.03497283106,short,17.35723907
56699,2020-01-23,CTXS,0.0329808331,short,120.6185598
94411,2020-01-23,GE,0.03166217821,short,93.69025369
76521,2020-01-23,ERY,0.0282004422,short,45.91604275
105661,2020-01-23,HOPE,0.02810142885,short,13.55461573
243987,2020-01-24,VRDN,0.0970588029,short,11.18999958
222539,2020-01-24,TEAM,0.09318456474,short,145
161087,2020-01-24,NXGN,0.07470185256,short,17.12000084
57661,2020-01-24,CVLG,0.06816422346,short,13.78999996
35116,2020-01-24,BTTR,0.06666670905,short,9.600000381
84860,2020-01-24,FFIN,0.0527242532,short,35.00065988
176994,2020-01-24,PLL,0.05211109585,short,9.468999863
29306,2020-01-24,BLCM,0.0514018879,short,22.5
114188,2020-01-24,INTC,0.0513264845,short,63.3131842
196481,2020-01-24,SBCF,0.04644076679,short,30.62889659
91932,2020-01-24,FWBI,0.0453283767,short,11.30000019
178029,2020-01-24,PMCB,0.04436221385,short,87.57499695
2444,2020-01-24,ACMR,0.03924495521,short,41.84000015
209861,2020-01-24,SOXL,0.03919956525,short,21.90276688
59212,2020-01-24,CYCC,0.03846156197,short,16.20000076
22765,2020-01-24,AXP,0.03798421131,short,132.8835984
33382,2020-01-24,BRTX,0.0344827246,short,12
125105,2020-01-24,KOLD,0.03443983031,short,49.86000061
21146,2020-01-24,AVGO,0.03394336554,short,308.911879
30774,2020-01-24,BMRN,0.03223172048,short,88.38999939
97243,2020-01-24,GNRC,0.03000295205,short,106.0800018
151859,2020-01-24,NCTY,0.03000001907,short,10.30000019
198593,2020-01-24,SCO,0.02992347311,short,59.20000076
199979,2020-01-24,SE,0.0292737737,short,46.06000137
112915,2020-01-24,INDP,0.02909088135,short,45.27999878
210219,2020-01-27,SOXS,0.08620687992,short,241.4808973
242067,2020-01-27,VIXY,0.08539709622,short,50.84000015
66035,2020-01-27,DRIP,0.08163255636,short,76.84149666
178030,2020-01-27,PMCB,0.07000003938,short,82.92500305
223129,2020-01-27,TECS,0.0673400259,short,633.1315239
213573,2020-01-27,SQQQ,0.06628971821,short,103.4547359
31415,2020-01-27,BOIL,0.0606060477,short,66.5
37594,2020-01-27,BZQ,0.06041326128,short,40.00097389
76522,2020-01-27,ERY,0.05921333402,short,49.52416302
198594,2020-01-27,SCO,0.05614974268,short,63.20000076
127998,2020-01-27,LABD,0.05188343274,short,295.3166911
212875,2020-01-27,SPXU,0.05151351159,short,98.86135541
212708,2020-01-27,SPXS,0.05132323029,short,131.0045221
199642,2020-01-27,SDOW,0.0496142508,short,152.1581749
82785,2020-01-27,FAZ,0.04908208127,short,223.8649693
232600,2020-01-27,TZA,0.04545462203,short,295.9951375
33383,2020-01-27,BRTX,0.04545450112,short,9.199999809
214469,2020-01-27,SRTY,0.04477621023,short,94.4162616
183660,2020-01-27,QID,0.0439046635,short,89.17229368
77875,2020-01-27,EUM,0.04147188452,short,17.81364112
159188,2020-01-27,NUGT,0.04056433656,short,177
225906,2020-01-27,TMF,0.0398380208,short,29.48924364
67358,2020-01-27,DUG,0.03983336093,short,44.88833496
121011,2020-01-27,JNUG,0.03569159018,short,807.0165257
199760,2020-01-27,SDS,0.03519053179,short,24.66964269
49257,2020-01-28,CNCE,0.09979836326,short,10.90999985
139741,2020-01-28,MDVL,0.09848481382,short,17.39999962
175937,2020-01-28,PII,0.0771598306,short,93.99102965
178031,2020-01-28,PMCB,0.07205627733,short,94.55000305
158943,2020-01-28,NUE,0.0711672358,short,50.00928265
195697,2020-01-28,SANM,0.07042251218,short,34.95999908
95112,2020-01-28,GGG,0.06809328714,short,53.81472134
24287,2020-01-28,AZUL,0.06650304502,short,43.45999908
2446,2020-01-28,ACMR,0.05882350552,short,39.77999878
27676,2020-01-28,BHLB,0.05874559407,short,29.94058703
107287,2020-01-28,HTLF,0.05797728971,short,48.17432577
254471,2020-01-28,XRX,0.05563453055,short,34.35787089
250806,2020-01-28,WSBC,0.04951639554,short,34.03038416
118598,2020-01-28,JAKK,0.04629629548,short,11.30000019
159861,2020-01-28,NUWE,0.0444444727,short,14.10000038
102147,2020-01-28,HCA,0.0416666758,short,145.7009169
53383,2020-01-28,CR,0.04091881225,short,83.58822981
43969,2020-01-28,CFRX,0.03999996185,short,10.39999962
32376,2020-01-28,BPOP,0.03992434218,short,56.94177253
9539,2020-01-28,ALV,0.03931619143,short,75.5701304
33698,2020-01-28,BRZU,0.03901355034,short,1144.872568
258535,2020-01-28,ZSL,0.0386528994,short,108.5599976
112669,2020-01-28,INCY,0.03851715942,short,79
209863,2020-01-28,SOXL,0.03835637559,short,18.69245468
31416,2020-01-28,BOIL,0.03662419212,short,65.09999847
197370,2020-01-29,SC,0.09577208602,short,23.50366209
146984,2020-01-29,MSTR,0.09027777778,short,157
79023,2020-01-29,EVR,0.08912776899,short,76.27651056
157891,2020-01-29,NSPR,0.08510643862,short,22.95000076
258795,2020-01-29,ZWS,0.07441579031,short,34.41636856
94413,2020-01-29,GE,0.07161138817,short,100.3995515
84985,2020-01-29,FFWM,0.07134078711,short,16.84436583
152347,2020-01-29,NEGG,0.07027026679,short,15.84000015
124693,2020-01-29,KNX,0.07024330948,short,38.16449657
157556,2020-01-29,NSC,0.06075419069,short,209.785814
173149,2020-01-29,PENN,0.05494088456,short,27.64999962
35117,2020-01-29,BTTR,0.05479446686,short,9.239999771
38657,2020-01-29,CALX,0.05377577567,short,9.210000038
175118,2020-01-29,PGR,0.04905169804,short,75.95007997
112917,2020-01-29,INDP,0.04581673704,short,42
207012,2020-01-29,SMG,0.04089670614,short,107.7088816
235049,2020-01-29,UMBF,0.04039791883,short,65.8570049
232428,2020-01-29,TXT,0.03851204438,short,47.31250655
174236,2020-01-29,PFG,0.0380686445,short,51.69527124
255961,2020-01-29,YINN,0.03467559149,short,18.26210076
125108,2020-01-29,KOLD,0.03350574556,short,49.97000122
54930,2020-01-29,CRUS,0.03240514832,short,86.01999664
191591,2020-01-29,RMBS,0.0319573587,short,15.5
145210,2020-01-29,MPC,0.03155108216,short,50.04014382
93260,2020-01-29,GBT,0.03080207086,short,72.62000275
230058,2020-01-30,TSLA,0.08852134534,short,126.4840012
184564,2020-01-30,QRVO,0.08030559599,short,121.6100006
54931,2020-01-30,CRUS,0.07437813564,short,87.68000031
134069,2020-01-30,LRCX,0.06766799892,short,311.0839759
255239,2020-01-30,YANG,0.06761568264,short,47.91688587
156907,2020-01-30,NOW,0.06646859936,short,333.730011
70834,2020-01-30,EDZ,0.06625834186,short,38.25564211
9836,2020-01-30,AMBA,0.06593213989,short,61.91999817
147566,2020-01-30,MTH,0.06537078639,short,73.98999786
193905,2020-01-30,RUTH,0.06528495471,short,20.39463712
238318,2020-01-30,UVXY,0.05887099235,short,131.3000031
158275,2020-01-30,NTCT,0.05863194484,short,26
74604,2020-01-30,ENVA,0.05606001108,short,26.75
193756,2020-01-30,RUN,0.0560471276,short,17.89999962
66038,2020-01-30,DRIP,0.0537689432,short,84.09902157
246072,2020-01-30,VVNT,0.05202321188,short,18.20000076
49499,2020-01-30,CNMD,0.05105777739,short,110.1448361
38083,2020-01-30,CACI,0.05000380356,short,280.5400085
199268,2020-01-30,SCYX,0.04864862803,short,9.699999809
159862,2020-01-30,NUWE,0.04761900076,short,13.19999981
85615,2020-01-30,FIBK,0.04467340823,short,36.55891866
3396,2020-01-30,ADM,0.04441381614,short,43.32307347
139256,2020-01-30,MDGL,0.04342511378,short,85.30000305
198595,2020-01-30,SCO,0.04156013798,short,65.16000366
37596,2020-01-30,BZQ,0.04143782581,short,41.70016866
11934,2020-01-31,AMZN,0.09664395396,short,2051.469971
189191,2020-01-31,RETA,0.08611630227,short,210.75
86544,2020-01-31,FLEX,0.08191657295,short,14
255240,2020-01-31,YANG,0.06043016831,short,49.22462037
46058,2020-01-31,CL,0.06002588608,short,70.75003157
150505,2020-01-31,NATI,0.05351016105,short,44.21888107
70835,2020-01-31,EDZ,0.04669156907,short,39.18456533
61501,2020-01-31,DECK,0.04622841765,short,185.5800018
178908,2020-01-31,POWI,0.04541720347,short,50.50612045
108771,2020-01-31,IBM,0.04481966873,short,125.2390371
66039,2020-01-31,DRIP,0.04285566185,short,82.52420499
204063,2020-01-31,SIGI,0.04135670421,short,68.14118929
76525,2020-01-31,ERY,0.04110404445,short,52.40266053
142229,2020-01-31,MITK,0.04064161981,short,9.729999542
198596,2020-01-31,SCO,0.03982307713,short,65.80000305
67360,2020-01-31,DUG,0.03923301534,short,47.13774696
37597,2020-01-31,BZQ,0.03813755143,short,41.90006781
136486,2020-01-31,MAN,0.0377941504,short,93.8602512
238319,2020-01-31,UVXY,0.03719008264,short,125.5
16686,2020-01-31,ARNA,0.03684327694,short,45.59000015
79302,2020-01-31,EW,0.0362867279,short,80.81999969
244572,2020-01-31,VRTX,0.03621204649,short,238.6499939
148200,2020-01-31,MTX,0.03425778554,short,56.69638994
248097,2020-01-31,WDC,0.03285546547,short,68.2657716
91934,2020-01-31,FWBI,0.02970291524,short,9.359999657